1,(177)863-0997x448,2025-02-21,Email
2,+1-855-342-6284x230,2025-05-07,Email
3,110.202.3429,2024-12-06,SMS
4,001-825-576-7355,2024-08-04,Phone
5,(098)359-7416x41305,2024-09-03,Phone
6,(462)143-8766,2025-01-16,Phone
7,(141)685-7019,2024-12-13,Email
8,837-668-5056,2025-01-23,Email
9,001-226-922-3643x343,2025-04-08,None
10,(727)543-7077x7762,2024-12-10,Email
11,568-301-8198x31431,2024-09-01,Email
12,563-645-8067x6875,2024-06-23,Email
13,701-126-5878,2024-06-22,Phone
14,(641)589-2040,2025-02-28,Phone
15,(083)853-2581,2025-06-09,Email
16,244.129.5231,2025-03-15,Phone
17,851-736-2900x8094,2025-01-10,None
18,(843)638-2557x28638,2024-09-12,Phone
19,(579)895-0389,2024-07-23,None
20,049.568.6993x133,2025-01-15,SMS
21,461.624.6112,2025-02-11,Email
22,446-885-5868x425,2024-06-19,Phone
23,585-916-3287x9311,2025-01-08,None
24,(810)147-2824x432,2024-11-10,SMS
25,776.487.4990,2025-04-08,SMS
26,332.014.1542,2025-01-10,Phone
27,+1-014-682-0246x7714,2025-06-12,Phone
28,001-864-682-8807x5193,2025-06-16,SMS
29,980-896-5192x28287,2024-10-23,Email
30,183.239.9872,2025-03-01,Email
31,140.600.3807,2024-11-23,None
32,215-448-7852x623,2024-12-28,Email
33,382.430.3844,2025-01-27,SMS
34,(093)049-3448x163,2025-02-06,SMS
35,(863)935-7751x91135,2024-08-27,SMS
36,+1-290-115-5396,2025-01-28,Email
37,034.278.4184x41568,2024-12-09,None
38,(563)024-7487,2025-05-23,Email
39,001-234-712-4793x96937,2024-12-20,None
40,001-011-962-0845,2024-06-29,Email
41,603.703.9445x366,2024-09-27,SMS
42,001-895-001-1940x794,2025-04-23,SMS
43,(454)372-2945x6168,2024-11-29,Phone
44,(881)410-3957,2024-11-12,Email
45,001-291-090-8924x57676,2025-02-03,Email
46,712-240-1035,2025-03-06,Phone
47,587.547.4918x2260,2025-05-24,SMS
48,(218)039-2109x862,2024-07-11,Email
49,+1-012-240-5358x4791,2025-06-17,Phone
50,+1-205-901-9022x195,2025-04-14,Email
51,+1-459-069-6469x3758,2024-06-22,None
52,(870)640-7399,2024-09-14,SMS
53,244-686-9547,2024-12-17,None
54,(890)399-5987x7845,2024-08-06,SMS
55,+1-676-069-6323x5655,2024-11-25,Phone
56,+1-585-539-3125,2024-08-16,SMS
57,001-672-024-7976x2383,2024-12-24,SMS
58,700-014-9389x32305,2024-06-30,Phone
59,213-609-0240,2024-12-11,SMS
60,139.305.5378,2025-04-21,Email
61,2863723037,2024-10-27,Phone
62,236-131-0269x935,2024-08-03,Phone
63,(709)332-2578,2025-04-18,Phone
64,2859151040,2025-02-20,None
65,(514)021-7106x823,2024-12-31,None
66,773-892-9443,2025-01-09,SMS
67,001-708-035-7840,2025-05-25,Phone
68,3457066256,2025-01-21,SMS
69,(360)541-2367,2025-05-10,Email
70,001-323-113-3948x51981,2024-09-02,Phone
71,839-291-6610,2024-10-05,Email
72,+1-889-655-4869,2024-10-02,SMS
73,(318)279-1483,2024-08-09,None
74,062.861.0875x4632,2025-04-12,SMS
75,249.929.8006x39979,2025-04-21,Email
76,001-007-568-5611x08363,2025-01-20,Phone
77,001-031-525-1643x286,2024-11-16,SMS
78,414-887-3573,2025-01-26,Phone
79,+1-941-505-4988x165,2024-09-05,None
80,(357)825-9010,2024-11-03,None
81,001-852-691-6159x3624,2024-09-29,None
82,+1-177-972-7585,2025-03-27,Phone
83,609.753.9155x661,2025-01-28,SMS
84,(576)326-3790,2024-11-24,Phone
85,835.476.3759,2024-12-12,Phone
86,290.756.1724,2025-04-18,SMS
87,733.410.8929,2024-10-14,None
88,031-169-0634x088,2024-12-10,None
89,990-356-2788x5163,2025-01-17,SMS
90,390-693-9525x566,2025-06-11,Phone
91,6030662668,2025-04-22,Phone
92,702.875.7785,2024-07-11,None
93,001-949-392-2255x622,2025-06-01,Email
94,(025)440-3461,2024-12-20,Email
95,329.993.7271,2024-06-23,Email
96,001-124-227-2300x1092,2024-11-21,Phone
97,(216)022-7715x530,2025-03-21,Phone
98,001-402-282-5978x3928,2025-04-05,None
99,751-519-1078,2024-08-15,Email
100,001-444-890-6862x286,2025-06-14,None
